theta,n,rms_force_error,max_force_error
0.3,1000,1.102463e-3,8.708034e-3
0.5,1000,4.942351e-3,3.588391e-2
0.7,1000,1.347157e-2,9.990562e-2
1,1000,3.323342e-2,2.390645e-1
